{
    "model": "RNN",
    "accuracy": 0.29413702239789197,
    "classification_report": {
        "0": {
            "precision": 0.0,
            "recall": 0.0,
            "f1-score": 0.0,
            "support": 529.0
        },
        "1": {
            "precision": 0.0,
            "recall": 0.0,
            "f1-score": 0.0,
            "support": 612.0
        },
        "2": {
            "precision": 0.29413702239789197,
            "recall": 1.0,
            "f1-score": 0.45456859251717996,
            "support": 893.0
        },
        "3": {
            "precision": 0.0,
            "recall": 0.0,
            "f1-score": 0.0,
            "support": 731.0
        },
        "4": {
            "precision": 0.0,
            "recall": 0.0,
            "f1-score": 0.0,
            "support": 61.0
        },
        "5": {
            "precision": 0.0,
            "recall": 0.0,
            "f1-score": 0.0,
            "support": 66.0
        },
        "6": {
            "precision": 0.0,
            "recall": 0.0,
            "f1-score": 0.0,
            "support": 144.0
        },
        "accuracy": 0.29413702239789197,
        "macro avg": {
            "precision": 0.04201957462827028,
            "recall": 0.14285714285714285,
            "f1-score": 0.06493837035959714,
            "support": 3036.0
        },
        "weighted avg": {
            "precision": 0.08651658794509799,
            "recall": 0.29413702239789197,
            "f1-score": 0.13370545227860398,
            "support": 3036.0
        }
    }
}